4,a,an,,,,,,,,,,,,,,,,
504,able,abler,ablest,ables,abled,abling,ablings,,,,,,,,,,,
32,about,abouts,,,,,,,,,,,,,,,,
632,above,,,,,,,,,,,,,,,,,
512,across,,,,,,,,,,,,,,,,,
600,act,acts,acted,acting,actings,,,,,,,,,,,,,
658,action,actions,actioned,actioning,actionings,,,,,,,,,,,,,
275,activity,activities,,,,,,,,,,,,,,,,
561,add,adds,added,adding,addings,,,,,,,,,,,,,
712,adjective,adjectives,adj,,,,,,,,,,,,,,,
492,afraid,,,,,,,,,,,,,,,,,
114,after,,,,,,,,,,,,,,,,,
673,afternoon,afternoons,,,,,,,,,,,,,,,,
98,again,,,,,,,,,,,,,,,,,
527,ago,,,,,,,,,,,,,,,,,
551,agree,agrees,agreed,agreeing,agreeings,,,,,,,,,,,,,
383,air,airs,aired,airing,airings,,,,,,,,,,,,,
35,all,alls,,,,,,,,,,,,,,,,
852,allow,allows,allowed,allowing,allowings,,,,,,,,,,,,,
510,almost,almosts,,,,,,,,,,,,,,,,
707,alone,,,,,,,,,,,,,,,,,
311,along,,,,,,,,,,,,,,,,,
375,aloud,,,,,,,,,,,,,,,,,
626,already,,,,,,,,,,,,,,,,,
155,also,,,,,,,,,,,,,,,,,
241,always,,,,,,,,,,,,,,,,,
649,amaze,amazes,amazed,amazing,amazings,,,,,,,,,,,,,
5,and,ands,anded,anding,n,,,,,,,,,,,,,
417,angry,angrier,angriest,,,,,,,,,,,,,,,
99,animal,animals,,,,,,,,,,,,,,,,
198,another,,,,,,,,,,,,,,,,,
130,answer,answers,answered,answering,answerings,,,,,,,,,,,,,
680,ant,ants,,,,,,,,,,,,,,,,
177,any,,,,,,,,,,,,,,,,,
623,anyone,,,,,,,,,,,,,,,,,
346,anything,anythings,,,,,,,,,,,,,,,,
455,apple,apples,,,,,,,,,,,,,,,,
406,area,areas,,,,,,,,,,,,,,,,
339,arm,arms,armed,arming,armings,,,,,,,,,,,,,
110,around,,,,,,,,,,,,,,,,,
520,arrive,arrives,arrived,arriving,arrivings,,,,,,,,,,,,,
579,art,arts,,,,,,,,,,,,,,,,
854,artist,artists,,,,,,,,,,,,,,,,
36,as,,,,,,,,,,,,,,,,,
59,ask,asks,asked,asking,askings,,,,,,,,,,,,,
27,at,,,,,,,,,,,,,,,,,
777,attention,attentions,,,,,,,,,,,,,,,,
633,aunt,aunts,Aunt,Aunts,,,,,,,,,,,,,,
113,away,aways,,,,,,,,,,,,,,,,
332,baby,babies,babied,babying,babys,,,,,,,,,,,,,
88,back,backs,backed,backing,backings,,,,,,,,,,,,,
225,bad,worse,worst,badder,baddest,,,,,,,,,,,,,
386,bag,bags,bagged,bagging,baggings,,,,,,,,,,,,,
309,ball,balls,balled,balling,ballings,,,,,,,,,,,,,
483,banana,bananas,,,,,,,,,,,,,,,,
583,bark,barks,barked,barking,barkings,,,,,,,,,,,,,
790,bat,bats,batted,batting,battings,,,,,,,,,,,,,
2,be,am,m,is,isn,s,are,re,aren,ain,been,was,wasn,were,weren,being,bein,beings
438,beach,beaches,beached,beaching,beachings,,,,,,,,,,,,,
419,bear,bears,beared,bearing,borne,bearings,,,,,,,,,,,,
713,beat,beats,beating,beaten,beatings,,,,,,,,,,,,,
239,beautiful,,,,,,,,,,,,,,,,,
118,because,cos,,,,,,,,,,,,,,,,
224,become,becomes,became,becoming,becomeing,becomeings,,,,,,,,,,,,
263,bed,beds,bedded,bedding,beddings,,,,,,,,,,,,,
779,bedroom,bedrooms,bedroomed,,,,,,,,,,,,,,,
507,bee,bees,beeed,beeing,beeings,,,,,,,,,,,,,
652,beep,beeps,beeped,beeping,beepings,,,,,,,,,,,,,
179,before,,,,,,,,,,,,,,,,,
191,begin,begins,began,beginning,begun,beginned,beginnings,,,,,,,,,,,
469,behind,,,,,,,,,,,,,,,,,
333,believe,believes,believed,believing,believings,,,,,,,,,,,,,
597,bell,bells,belled,belling,bellings,,,,,,,,,,,,,
868,below,,,,,,,,,,,,,,,,,
539,between,,,,,,,,,,,,,,,,,
100,big,bigger,biggest,,,,,,,,,,,,,,,
549,bike,bikes,biked,biking,bikings,,,,,,,,,,,,,
213,bird,birds,birded,birding,birdings,,,,,,,,,,,,,
442,birthday,birthdays,,,,,,,,,,,,,,,,
820,bit,bits,bitted,bitting,bittings,,,,,,,,,,,,,
356,black,blacks,blacked,blacking,blacker,blackest,,,,,,,,,,,,
640,blow,blows,blew,blowing,blown,blowed,,,,,,,,,,,,
216,blue,blues,blueed,blueing,bluer,bluest,,,,,,,,,,,,
308,board,boards,boarded,boarding,boardings,,,,,,,,,,,,,
330,boat,boats,boated,boating,boatings,,,,,,,,,,,,,
269,body,bodies,bodied,bodying,bodys,,,,,,,,,,,,,
816,bone,bones,boned,boning,bonings,,,,,,,,,,,,,
439,boo,boos,booed,booing,booings,,,,,,,,,,,,,
150,book,books,booked,booking,bookings,,,,,,,,,,,,,
696,boom,booms,boomed,booming,boomings,,,,,,,,,,,,,
321,both,,,,,,,,,,,,,,,,,
736,bottle,bottles,bottled,bottling,bottlings,,,,,,,,,,,,,
718,bottom,bottoms,bottomed,bottoming,bottomings,,,,,,,,,,,,,
867,bowl,bowls,bowled,bowling,bowlings,,,,,,,,,,,,,
195,box,boxes,boxed,boxing,boxings,,,,,,,,,,,,,
146,boy,boys,,,,,,,,,,,,,,,,
722,bread,breads,breaded,breading,breadings,,,,,,,,,,,,,
381,break,breaks,broke,breaking,broken,,,,,,,,,,,,,
659,breakfast,breakfasts,breakfasted,breakfasting,breakfastings,,,,,,,,,,,,,
841,breathe,breathes,breathed,breathing,breathings,,,,,,,,,,,,,
788,bridge,bridges,bridged,bridging,bridgings,,,,,,,,,,,,,
733,bright,brighter,brightest,,,,,,,,,,,,,,,
253,bring,brings,brought,bringing,bringings,,,,,,,,,,,,,
403,brother,brothers,,,,,,,,,,,,,,,,
526,brown,browns,browned,browning,browner,brownest,,,,,,,,,,,,
812,brush,brushes,brushed,brushing,brushings,,,,,,,,,,,,,
258,build,builds,builded,building,buildings,built,,,,,,,,,,,,
387,bus,buses,bused,busing,busings,,,,,,,,,,,,,
753,business,businesses,,,,,,,,,,,,,,,,
704,busy,busies,busied,busying,busier,busiest,,,,,,,,,,,,
29,but,buts,,,,,,,,,,,,,,,,
762,butterfly,butterflies,butterflied,butterflying,butterflys,,,,,,,,,,,,,
349,buy,buys,bought,buying,buyed,,,,,,,,,,,,,
73,by,,,,,,,,,,,,,,,,,
380,bye,,,,,,,,,,,,,,,,,
587,cake,cakes,caked,caking,cakings,,,,,,,,,,,,,
117,call,calls,called,calling,callings,,,,,,,,,,,,,
869,camera,cameras,,,,,,,,,,,,,,,,
26,can,cans,canned,canning,cannot,,,,,,,,,,,,,
546,captain,captains,captained,captaining,capt,Captain,Captains,Capt,,,,,,,,,,
243,car,cars,,,,,,,,,,,,,,,,
354,card,cards,carded,carding,cardings,,,,,,,,,,,,,
411,care,cares,cared,caring,carings,,,,,,,,,,,,,
873,careful,,,,,,,,,,,,,,,,,
691,carefully,,,,,,,,,,,,,,,,,
541,carry,carries,carried,carrying,carryed,carrys,,,,,,,,,,,,
849,castle,castles,castled,castling,castlings,,,,,,,,,,,,,
300,cat,cats,,,,,,,,,,,,,,,,
426,catch,catches,caught,catching,catched,,,,,,,,,,,,,
598,cause,causes,caused,causing,causings,,,,,,,,,,,,,
730,cave,caves,caved,caving,cavings,,,,,,,,,,,,,
801,center,centers,centered,centering,centerings,centre,centres,centred,centring,centrings,,,,,,,,
508,chair,chairs,chaired,chairing,chairings,,,,,,,,,,,,,
675,chance,chances,chanced,chancing,chancings,,,,,,,,,,,,,
262,change,changes,changed,changing,changings,,,,,,,,,,,,,
559,chant,chants,chanted,chanting,chantings,,,,,,,,,,,,,
522,chapter,chapters,,,,,,,,,,,,,,,,
379,check,checks,checked,checking,checkings,,,,,,,,,,,,,
533,cheer,cheers,cheered,cheering,cheerings,,,,,,,,,,,,,
723,cheese,cheeses,,,,,,,,,,,,,,,,
494,chicken,chickens,chickened,chickening,chickenings,,,,,,,,,,,,,
61,child,childs,children,childrens,,,,,,,,,,,,,,
721,chocolate,chocolates,,,,,,,,,,,,,,,,
484,choose,chooses,chose,choosing,chosen,choosed,,,,,,,,,,,,
831,chorus,choruses,chorused,chorusing,chorusings,,,,,,,,,,,,,
247,circle,circles,circled,circling,circlings,,,,,,,,,,,,,
351,city,cities,citys,,,,,,,,,,,,,,,
229,clap,claps,clapped,clapping,clappings,,,,,,,,,,,,,
197,class,classes,classed,classing,classings,,,,,,,,,,,,,
449,classroom,classrooms,,,,,,,,,,,,,,,,
350,clean,cleans,cleaned,cleaning,cleanings,,,,,,,,,,,,,
776,clear,clears,cleared,clearing,clearer,clearest,clearings,,,,,,,,,,,
377,climb,climbs,climbed,climbing,climbings,,,,,,,,,,,,,
824,clock,clocks,clocked,clocking,clockings,,,,,,,,,,,,,
290,close,closes,closed,closing,closer,closest,closings,,,,,,,,,,,
306,clothes,,,,,,,,,,,,,,,,,
740,clue,clues,clued,cluing,cluings,,,,,,,,,,,,,
811,coat,coats,coated,coating,coatings,,,,,,,,,,,,,
314,cold,colder,coldest,colds,,,,,,,,,,,,,,
149,color,colors,colored,coloring,colorings,colour,colours,coloured,colouring,colourings,,,,,,,,
54,come,comes,came,coming,comed,cometh,comin,comeing,comings,,,,,,,,,
863,company,companies,companys,,,,,,,,,,,,,,,
447,complete,completes,completed,completing,completings,,,,,,,,,,,,,
456,computer,computers,,,,,,,,,,,,,,,,
536,continue,continues,continued,continuing,continueing,continueings,,,,,,,,,,,,
454,cook,cooks,cooked,cooking,cookings,,,,,,,,,,,,,
159,cookie,cookies,,,,,,,,,,,,,,,,
580,cool,cools,cooled,cooling,coolest,,,,,,,,,,,,,
674,copy,copies,copied,copying,copyings,,,,,,,,,,,,,
382,correct,corrects,corrected,correcting,correctings,,,,,,,,,,,,,
74,could,couldn,coulda,,,,,,,,,,,,,,,
278,count,counts,counted,counting,countings,,,,,,,,,,,,,
270,country,countries,countrys,,,,,,,,,,,,,,,
410,course,courses,coursed,coursing,coursings,,,,,,,,,,,,,
547,cover,covers,covered,covering,coverings,,,,,,,,,,,,,
530,cow,cows,cowed,cowing,cowings,,,,,,,,,,,,,
463,crayon,crayons,crayoned,crayoning,crayonings,,,,,,,,,,,,,
772,create,creates,created,creating,creatings,,,,,,,,,,,,,
774,cross,crosses,crossed,crossing,crossings,,,,,,,,,,,,,
703,crowd,crowds,crowded,crowding,crowdings,,,,,,,,,,,,,
331,cry,cries,cried,crying,cryed,,,,,,,,,,,,,
750,culture,cultures,cultured,culturing,culturings,,,,,,,,,,,,,
768,cup,cups,cupped,cupping,cuppings,,,,,,,,,,,,,
384,cut,cuts,cutted,cutting,cuttings,,,,,,,,,,,,,
284,dad,dads,daddy,daddies,Dad,Dads,Daddy,Daddies,,,,,,,,,,
167,dance,dances,danced,dancing,danceing,danceings,,,,,,,,,,,,
581,dangerous,,,,,,,,,,,,,,,,,
487,dark,darker,darkest,,,,,,,,,,,,,,,
798,daughter,daughters,,,,,,,,,,,,,,,,
62,day,days,daies,,,,,,,,,,,,,,,
570,dead,deader,deadest,,,,,,,,,,,,,,,
822,dear,dears,dearer,dearest,,,,,,,,,,,,,,
458,decide,decides,decided,deciding,decidings,,,,,,,,,,,,,
689,deep,deeper,deepest,deeps,,,,,,,,,,,,,,
706,delicious,,,,,,,,,,,,,,,,,
682,describe,describes,described,describing,describings,,,,,,,,,,,,,
825,desk,desks,,,,,,,,,,,,,,,,
846,dialog,dialogs,dialoged,dialoging,dialogue,dialogues,dialogued,dialoguing,dialoguings,,,,,,,,,
315,die,dies,died,dying,dieing,dieings,,,,,,,,,,,,
165,different,,,,,,,,,,,,,,,,,
471,difficult,,,,,,,,,,,,,,,,,
565,dinner,dinners,,,,,,,,,,,,,,,,
589,dinosaur,dinosaurs,,,,,,,,,,,,,,,,
844,dirty,dirties,dirtied,dirtying,dirtier,dirtiest,,,,,,,,,,,,
12,do,does,don,doesn,did,didn,doing,done,doin,doings,,,,,,,,
192,doctor,doctors,doctored,doctoring,dr,Doctor,Doctors,Dr,,,,,,,,,,
202,dog,dogs,dogged,dogging,doggings,,,,,,,,,,,,,
755,doll,dolls,dolled,dolling,dollings,,,,,,,,,,,,,
223,door,doors,,,,,,,,,,,,,,,,
91,down,downs,downed,downing,downings,,,,,,,,,,,,,
261,draw,draws,drew,drawing,drawn,drawed,drawings,,,,,,,,,,,
608,dream,dreams,dreamed,dreaming,dreamings,dreamt,,,,,,,,,,,,
490,dress,dresses,dressed,dressing,dressings,,,,,,,,,,,,,
366,drink,drinks,drank,drinking,drinkings,,,,,,,,,,,,,
550,drive,drives,drove,driving,driven,drived,droves,,,,,,,,,,,
766,drop,drops,dropped,dropping,droppings,,,,,,,,,,,,,
795,drum,drums,drummed,drumming,drummings,,,,,,,,,,,,,
796,dry,dries,dried,drying,drier,driest,,,,,,,,,,,,
337,duck,ducks,ducked,ducking,duckings,,,,,,,,,,,,,
560,during,,,,,,,,,,,,,,,,,
90,each,,,,,,,,,,,,,,,,,
515,ear,ears,eared,,,,,,,,,,,,,,,
681,early,earlier,earliest,,,,,,,,,,,,,,,
759,earth,earths,earthed,earthing,earthings,,,,,,,,,,,,,
376,easy,easier,easiest,,,,,,,,,,,,,,,
86,eat,eats,ate,eating,eaten,,,,,,,,,,,,,
421,egg,eggs,egged,egging,eggings,,,,,,,,,,,,,
440,eight,eights,eighth,eighths,,,,,,,,,,,,,,
493,elephant,elephants,,,,,,,,,,,,,,,,
495,else,,,,,,,,,,,,,,,,,
304,end,ends,ended,ending,endings,,,,,,,,,,,,,
808,energy,energies,,,,,,,,,,,,,,,,
407,enjoy,enjoys,enjoyed,enjoying,enjoyings,,,,,,,,,,,,,
342,enough,,,,,,,,,,,,,,,,,
248,even,evens,evened,,,,,,,,,,,,,,,
653,evening,evenings,,,,,,,,,,,,,,,,
784,event,events,,,,,,,,,,,,,,,,
341,ever,,,,,,,,,,,,,,,,,
204,every,,,,,,,,,,,,,,,,,
448,everybody,everybodies,,,,,,,,,,,,,,,,
312,everyone,,,,,,,,,,,,,,,,,
389,everything,everythings,,,,,,,,,,,,,,,,
775,everywhere,,,,,,,,,,,,,,,,,
295,example,examples,,,,,,,,,,,,,,,,
491,excite,excites,excited,exciting,excitings,,,,,,,,,,,,,
700,experience,experiences,experienced,experiencing,experiencings,,,,,,,,,,,,,
393,explain,explains,explained,explaining,explainings,,,,,,,,,,,,,
193,eye,eyes,eyed,eyeing,eyeings,,,,,,,,,,,,,
211,face,faces,faced,facing,facings,,,,,,,,,,,,,
603,fact,facts,,,,,,,,,,,,,,,,
209,fall,falls,fell,falling,fallen,falled,,,,,,,,,,,,
173,family,families,familys,,,,,,,,,,,,,,,
519,famous,,,,,,,,,,,,,,,,,
413,far,farther,farthest,,,,,,,,,,,,,,,
370,farm,farms,farmed,farming,farmings,,,,,,,,,,,,,
571,farmer,farmers,,,,,,,,,,,,,,,,
230,fast,fasts,fasted,fasting,faster,fastest,fasters,,,,,,,,,,,
249,father,fathers,fathered,fathering,fatherings,,,,,,,,,,,,,
250,favorite,favorites,favourite,favourites,,,,,,,,,,,,,,
116,feel,feels,felt,feeled,feeling,feelings,,,,,,,,,,,,
731,festival,festivals,,,,,,,,,,,,,,,,
285,few,fewer,fewest,fewers,fewests,,,,,,,,,,,,,
430,fight,fights,fought,fighting,fightings,,,,,,,,,,,,,
864,figure,figures,figured,figuring,figurings,,,,,,,,,,,,,
789,fill,fills,filled,filling,fillings,,,,,,,,,,,,,
744,finally,,,,,,,,,,,,,,,,,
72,find,finds,found,finding,finded,findings,,,,,,,,,,,,
586,fine,fines,fined,fining,finer,finest,,,,,,,,,,,,
390,finger,fingers,fingered,fingering,fingerings,,,,,,,,,,,,,
452,finish,finishes,finished,finishing,finishings,,,,,,,,,,,,,
431,fire,fires,fired,firing,firings,,,,,,,,,,,,,
121,first,firsts,,,,,,,,,,,,,,,,
245,fish,fishes,fished,fishing,fishings,,,,,,,,,,,,,
227,five,fives,fifth,fifthly,fifths,,,,,,,,,,,,,
739,flap,flaps,flapped,flapping,flappings,,,,,,,,,,,,,
555,flashcard,flashcards,,,,,,,,,,,,,,,,
564,floor,floors,floored,flooring,floorings,,,,,,,,,,,,,
427,flower,flowers,flowered,flowering,flowerings,,,,,,,,,,,,,
251,fly,flies,flew,flying,flown,flys,,,,,,,,,,,,
286,follow,follows,followed,following,followings,,,,,,,,,,,,,
119,food,foods,,,,,,,,,,,,,,,,
231,foot,foots,footed,footing,feet,footings,,,,,,,,,,,,
20,for,,,,,,,,,,,,,,,,,
676,foreign,,,,,,,,,,,,,,,,,
395,forest,forests,forested,foresting,forestings,,,,,,,,,,,,,
548,forget,forgets,forgot,forgetting,forgotten,,,,,,,,,,,,,
596,form,forms,formed,forming,formings,,,,,,,,,,,,,
845,forward,forwards,forwarded,forwarding,foreward,forewards,forewarded,forewarding,forewardings,,,,,,,,,
194,four,fours,fourth,fourths,fourthly,,,,,,,,,,,,,
621,free,frees,freed,freeing,freer,freest,,,,,,,,,,,,
85,friend,friends,,,,,,,,,,,,,,,,
605,frog,frogs,,,,,,,,,,,,,,,,
42,from,,,,,,,,,,,,,,,,,
397,front,fronts,fronted,fronting,frontings,,,,,,,,,,,,,
567,fruit,fruits,fruited,fruiting,fruitings,,,,,,,,,,,,,
525,full,fulls,fulled,fulling,fuller,fullest,,,,,,,,,,,,
221,fun,,,,,,,,,,,,,,,,,
799,funny,funnier,funniest,,,,,,,,,,,,,,,
616,future,futures,,,,,,,,,,,,,,,,
188,game,games,gamed,gaming,gamings,,,,,,,,,,,,,
534,garden,gardens,gardened,gardening,gardenings,,,,,,,,,,,,,
856,gasp,gasps,gasped,gasping,gaspings,,,,,,,,,,,,,
34,get,gets,got,getting,gotten,gettin,gotta,,,,,,,,,,,
770,giant,giants,,,,,,,,,,,,,,,,
647,giggle,giggles,giggled,giggling,gigglings,,,,,,,,,,,,,
200,girl,girls,,,,,,,,,,,,,,,,
101,give,gives,gave,giving,given,gived,giveing,giveth,,,,,,,,,,
663,glass,glasses,glassed,glassing,glassings,,,,,,,,,,,,,
24,go,goes,went,going,gone,goin,gonna,gunna,goings,,,,,,,,,
741,goat,goats,,,,,,,,,,,,,,,,
757,gold,golds,,,,,,,,,,,,,,,,
53,good,goodest,better,best,,,,,,,,,,,,,,
734,goodbye,goodbyes,,,,,,,,,,,,,,,,
828,grandma,grandmas,gran,Grandma,Grandmas,Gran,,,,,,,,,,,,
162,great,greater,greatest,greats,,,,,,,,,,,,,,
326,green,greens,greened,greening,greener,greenest,,,,,,,,,,,,
404,ground,grounds,grounded,grounding,groundings,,,,,,,,,,,,,
252,group,groups,grouped,grouping,groupings,,,,,,,,,,,,,
238,grow,grows,grew,growing,grown,growed,,,,,,,,,,,,
460,guess,guesses,guessed,guessing,guessings,,,,,,,,,,,,,
763,gun,guns,gunned,gunning,gunnings,,,,,,,,,,,,,
684,guy,guys,guyed,guying,guyings,,,,,,,,,,,,,
299,hair,hairs,haired,,,,,,,,,,,,,,,
614,half,halves,halfs,halfed,halfing,halfings,halved,halving,halvings,,,,,,,,,
135,hand,hands,handed,handing,handings,,,,,,,,,,,,,
705,hang,hangs,hung,hanging,hanged,hangings,,,,,,,,,,,,
234,happen,happens,happened,happening,happenings,,,,,,,,,,,,,
109,happy,happier,happiest,,,,,,,,,,,,,,,
266,hard,harder,hardest,,,,,,,,,,,,,,,
432,hat,hats,hatted,hatting,hattings,,,,,,,,,,,,,
14,have,haven,ve,has,hasn,had,hadn,d,having,hafta,havings,haves,,,,,,
8,he,,,,,,,,,,,,,,,,,
187,head,heads,headed,heading,headings,,,,,,,,,,,,,
629,healthy,healthier,healthiest,,,,,,,,,,,,,,,
151,hear,hears,heard,hearing,hearings,,,,,,,,,,,,,
566,heart,hearts,hearted,,,,,,,,,,,,,,,
751,heavy,heavies,heavier,heaviest,,,,,,,,,,,,,,
473,hello,,,,,,,,,,,,,,,,,
75,help,helps,helped,helping,helpings,,,,,,,,,,,,,
60,here,,,,,,,,,,,,,,,,,
446,hey,,,,,,,,,,,,,,,,,
489,hi,,,,,,,,,,,,,,,,,
405,hide,hides,hid,hiding,hidden,,,,,,,,,,,,,
276,high,higher,highest,highs,,,,,,,,,,,,,,
786,hill,hills,hilled,hilling,hillings,,,,,,,,,,,,,
634,himself,,,,,,,,,,,,,,,,,
518,hit,hits,hitted,hitting,hittings,,,,,,,,,,,,,
207,hold,holds,held,holding,holded,holdings,,,,,,,,,,,,
612,hole,holes,holed,holing,holings,,,,,,,,,,,,,
148,home,homes,homed,homing,homings,,,,,,,,,,,,,
872,homework,homeworks,,,,,,,,,,,,,,,,
651,hop,hops,hopped,hopping,hoppings,,,,,,,,,,,,,
433,hope,hopes,hoped,hoping,hopings,,,,,,,,,,,,,
294,horse,horses,horsed,horsing,horsings,,,,,,,,,,,,,
344,hot,hots,hotted,hotting,hotter,hottest,,,,,,,,,,,,
425,hour,hours,,,,,,,,,,,,,,,,
137,house,houses,housed,housing,housings,,,,,,,,,,,,,
49,how,How,,,,,,,,,,,,,,,,
335,however,,,,,,,,,,,,,,,,,
686,huge,huger,hugest,,,,,,,,,,,,,,,
711,human,humans,,,,,,,,,,,,,,,,
693,hundred,hundreds,,,,,,,,,,,,,,,,
543,hungry,hungrier,hungriest,,,,,,,,,,,,,,,
819,hurrah,hurrahs,,,,,,,,,,,,,,,,
694,hurry,hurries,hurried,hurrying,hurryings,,,,,,,,,,,,,
511,hurt,hurts,hurted,hurting,hurtings,,,,,,,,,,,,,
3,I,,,,,,,,,,,,,,,,,
631,ice,ices,iced,,,,,,,,,,,,,,,
277,idea,ideas,,,,,,,,,,,,,,,,
55,if,ifs,,,,,,,,,,,,,,,,
656,imagine,imagines,imagined,imagining,imaginings,,,,,,,,,,,,,
265,important,,,,,,,,,,,,,,,,,
11,in,ins,,,,,,,,,,,,,,,,
637,include,includes,included,including,includings,,,,,,,,,,,,,
486,information,informations,,,,,,,,,,,,,,,,
374,inside,insides,,,,,,,,,,,,,,,,
472,instruction,instructions,,,,,,,,,,,,,,,,
325,interest,interests,interested,interesting,interestings,,,,,,,,,,,,,
87,into,,,,,,,,,,,,,,,,,
628,island,islands,islanded,islanding,islandings,,,,,,,,,,,,,
9,it,,,,,,,,,,,,,,,,,
498,item,items,,,,,,,,,,,,,,,,
292,job,jobs,jobbing,jobbings,,,,,,,,,,,,,,
660,join,joins,joined,joining,joinings,,,,,,,,,,,,,
809,juice,juices,juiceed,juiceing,juiceings,,,,,,,,,,,,,
180,jump,jumps,jumped,jumping,jumpings,,,,,,,,,,,,,
79,just,,,,,,,,,,,,,,,,,
205,keep,keeps,keeped,keeping,kept,,,,,,,,,,,,,
769,kid,kids,kidded,kidding,kiddings,,,,,,,,,,,,,
355,kill,kills,killed,killing,killings,,,,,,,,,,,,,
206,kind,kinds,kinda,kinder,kindest,,,,,,,,,,,,,
468,king,kings,,,,,,,,,,,,,,,,
843,kiss,kisses,kissed,kissing,kissings,,,,,,,,,,,,,
645,kitchen,kitchens,,,,,,,,,,,,,,,,
582,kite,kites,,,,,,,,,,,,,,,,
617,knee,knees,kneed,kneeing,kneeings,,,,,,,,,,,,,
545,knock,knocks,knocked,knocking,knockings,,,,,,,,,,,,,
45,know,knows,knew,knowing,known,knowed,knowin,,,,,,,,,,,
793,lady,ladies,ladys,,,,,,,,,,,,,,,
394,land,lands,landed,landing,landings,,,,,,,,,,,,,
293,language,languages,,,,,,,,,,,,,,,,
272,large,larger,largest,,,,,,,,,,,,,,,
246,last,lasts,lasted,lasting,lastings,,,,,,,,,,,,,
218,late,later,latest,,,,,,,,,,,,,,,
96,laugh,laughs,laughed,laughing,laughings,,,,,,,,,,,,,
837,lay,lays,laid,laying,layings,,,,,,,,,,,,,
719,lead,leads,led,leading,leaded,,,,,,,,,,,,,
172,learn,learns,learned,learning,learnt,learnings,,,,,,,,,,,,
267,leave,leaves,leaved,leaving,leavings,,,,,,,,,,,,,
219,left,lefts,,,,,,,,,,,,,,,,
357,leg,legs,legged,legging,leggings,,,,,,,,,,,,,
461,lesson,lessons,,,,,,,,,,,,,,,,
108,let,lets,letted,letting,lemme,lettings,,,,,,,,,,,,
127,letter,letters,lettering,letterings,lettered,,,,,,,,,,,,,
661,lie,lies,lied,lying,lain,lieing,lieings,,,,,,,,,,,
259,life,lifes,,,,,,,,,,,,,,,,
313,light,lights,lighted,lit,lighting,lightest,,,,,,,,,,,,
31,like,likes,liked,liking,likings,,,,,,,,,,,,,
281,line,lines,lined,lining,linings,,,,,,,,,,,,,
746,lion,lions,,,,,,,,,,,,,,,,
829,list,lists,listed,listing,listings,,,,,,,,,,,,,
178,listen,listens,listened,listening,listenings,,,,,,,,,,,,,
76,little,littler,littlest,,,,,,,,,,,,,,,
102,live,lives,lived,living,livings,,,,,,,,,,,,,
132,long,longs,longed,longing,longer,longest,longings,,,,,,,,,,,
44,look,looks,looked,looking,lookin,,,,,,,,,,,,,
420,lose,loses,lost,losing,losings,,,,,,,,,,,,,
143,lot,lots,lotta,,,,,,,,,,,,,,,
639,loud,louder,loudest,,,,,,,,,,,,,,,
89,love,loves,loved,loving,lovings,,,,,,,,,,,,,
668,low,lows,lowed,lowing,lower,lowest,lowers,lowered,lowering,lowerings,,,,,,,,
538,lunch,lunches,lunched,lunching,lunchings,,,,,,,,,,,,,
638,machine,machines,machined,machining,machinings,,,,,,,,,,,,,
588,magic,magics,,,,,,,,,,,,,,,,
38,make,makes,made,making,maked,makeing,maketh,makeings,,,,,,,,,,
71,man,mans,manned,manning,men,mens,,,,,,,,,,,,
92,many,,,,,,,,,,,,,,,,,
805,map,maps,mapped,mapping,mappings,,,,,,,,,,,,,
806,march,marches,marched,marching,marchings,,,,,,,,,,,,,
572,marry,marries,married,marrying,marryed,,,,,,,,,,,,,
537,match,matches,matched,matching,matchings,,,,,,,,,,,,,
839,material,materials,,,,,,,,,,,,,,,,
747,matter,matters,mattered,mattering,matterings,,,,,,,,,,,,,
280,may,mayn,,,,,,,,,,,,,,,,
353,maybe,,,,,,,,,,,,,,,,,
182,mean,means,meaned,meaning,meant,meanings,meaner,meanest,,,,,,,,,,
233,meet,meets,meeted,meeting,met,meetings,,,,,,,,,,,,
754,member,members,membered,membering,memberings,,,,,,,,,,,,,
783,meter,meters,metered,metering,metre,metres,,,,,,,,,,,,
688,middle,middles,middled,middling,middlings,,,,,,,,,,,,,
485,might,mightn,mighta,,,,,,,,,,,,,,,
478,milk,milks,milked,milking,milkings,,,,,,,,,,,,,
620,mind,minds,minded,minding,mindings,,,,,,,,,,,,,
701,mine,mines,mined,mining,,,,,,,,,,,,,,
363,minute,minutes,minuted,minuting,minutings,,,,,,,,,,,,,
574,miss,misses,missed,missing,missings,,,,,,,,,,,,,
103,mister,misters,mr,Mister,Misters,Mr,,,,,,,,,,,,
622,model,models,modeled,modeling,modelled,modelling,modellings,,,,,,,,,,,
232,mom,moms,mommy,mommies,Mom,Moms,Mommy,Mommies,,,,,,,,,,
573,moment,moments,,,,,,,,,,,,,,,,
226,money,moneys,,,,,,,,,,,,,,,,
488,monkey,monkeys,monkeyed,monkeying,monkeyings,,,,,,,,,,,,,
343,monster,monsters,,,,,,,,,,,,,,,,
544,month,months,,,,,,,,,,,,,,,,
657,moon,moons,mooned,mooning,moonings,,,,,,,,,,,,,
80,more,,,,,,,,,,,,,,,,,
268,morning,mornings,mornin,,,,,,,,,,,,,,,
208,most,,,,,,,,,,,,,,,,,
201,mother,mothers,mothered,mothering,motherings,Mother,,,,,,,,,,,,
402,mountain,mountains,,,,,,,,,,,,,,,,
641,mouse,mouses,mice,,,,,,,,,,,,,,,
509,mouth,mouths,mouthed,mouthing,mouthings,,,,,,,,,,,,,
161,move,moves,moved,moving,movings,,,,,,,,,,,,,
554,movie,movies,,,,,,,,,,,,,,,,
163,much,,,,,,,,,,,,,,,,,
745,museum,museums,,,,,,,,,,,,,,,,
84,music,musics,,,,,,,,,,,,,,,,
171,must,mustn,musta,,,,,,,,,,,,,,,
725,myself,,,,,,,,,,,,,,,,,
122,name,names,named,naming,namings,,,,,,,,,,,,,
334,near,nears,neared,nearing,nearer,nearest,,,,,,,,,,,,
107,need,needs,needed,needing,needn,,,,,,,,,,,,,
220,never,nevers,,,,,,,,,,,,,,,,
144,new,newer,newest,,,,,,,,,,,,,,,
773,news,,,,,,,,,,,,,,,,,
756,newspaper,newspapers,,,,,,,,,,,,,,,,
140,next,,,,,,,,,,,,,,,,,
298,nice,nicer,nicest,,,,,,,,,,,,,,,
217,night,nights,nite,nites,,,,,,,,,,,,,,
576,nine,nines,ninth,ninths,,,,,,,,,,,,,,
65,no,nos,,,,,,,,,,,,,,,,
624,noise,noises,,,,,,,,,,,,,,,,
503,nose,noses,nosed,nosing,nosings,,,,,,,,,,,,,
15,not,t,nots,,,,,,,,,,,,,,,
792,note,notes,noted,noting,notings,,,,,,,,,,,,,
457,nothing,nothin,,,,,,,,,,,,,,,,
858,notice,notices,noticed,noticing,noticings,,,,,,,,,,,,,
81,now,,,,,,,,,,,,,,,,,
168,number,numbers,numbered,numbering,numberings,,,,,,,,,,,,,
475,object,objects,objected,objecting,objectings,,,,,,,,,,,,,
671,ocean,oceans,,,,,,,,,,,,,,,,
724,o'clock,,,,,,,,,,,,,,,,,
10,of,,,,,,,,,,,,,,,,,
214,off,offs,offed,offing,offings,,,,,,,,,,,,,
748,office,offices,,,,,,,,,,,,,,,,
307,often,,,,,,,,,,,,,,,,,
323,okay,okays,okayed,okaying,ok,,,,,,,,,,,,,
129,old,older,oldest,olds,,,,,,,,,,,,,,
21,on,,,,,,,,,,,,,,,,,
521,once,onces,,,,,,,,,,,,,,,,
37,one,ones,,,,,,,,,,,,,,,,
160,only,,,,,,,,,,,,,,,,,
782,onto,,,,,,,,,,,,,,,,,
479,ooh,oohs,oohed,oohing,oohings,,,,,,,,,,,,,
181,open,opens,opened,opening,openings,,,,,,,,,,,,,
699,optional,optionals,,,,,,,,,,,,,,,,
40,or,,,,,,,,,,,,,,,,,
450,orange,oranges,,,,,,,,,,,,,,,,
436,order,orders,ordered,ordering,orderings,,,,,,,,,,,,,
69,other,others,,,,,,,,,,,,,,,,
56,out,outs,outed,outing,outings,,,,,,,,,,,,,
400,outside,outsides,,,,,,,,,,,,,,,,
120,over,overs,,,,,,,,,,,,,,,,
316,own,owns,owned,owning,ownings,,,,,,,,,,,,,
256,page,pages,paged,paging,pagings,,,,,,,,,,,,,
289,paint,paints,painted,painting,paintings,,,,,,,,,,,,,
296,pair,pairs,paired,pairing,pairings,,,,,,,,,,,,,
807,pant,pants,panted,panting,pantings,,,,,,,,,,,,,
274,paper,papers,papered,papering,paperings,,,,,,,,,,,,,
528,paragraph,paragraphs,paragraphed,paragraphing,paragraphings,,,,,,,,,,,,,
517,parent,parents,parented,parenting,parentings,,,,,,,,,,,,,
360,park,parks,parked,parking,parkings,,,,,,,,,,,,,
210,part,parts,parted,parting,partings,,,,,,,,,,,,,
516,partner,partners,partnered,partnering,partnerings,,,,,,,,,,,,,
470,party,parties,partied,partying,partys,,,,,,,,,,,,,
665,pass,passes,passed,passing,passings,,,,,,,,,,,,,
474,past,,,,,,,,,,,,,,,,,
732,pause,pauses,paused,pausing,pausings,,,,,,,,,,,,,
669,pay,pays,paid,payed,paying,payings,,,,,,,,,,,,
875,peek,peeks,peeked,peeking,peekings,,,,,,,,,,,,,
797,pen,pens,penned,penning,pennings,,,,,,,,,,,,,
429,pencil,pencils,pencilled,pencilling,pencillings,penciled,penciling,pencilings,,,,,,,,,,
862,penguin,penguins,,,,,,,,,,,,,,,,
57,people,peoples,peopled,peopling,peoplings,,,,,,,,,,,,,
717,perfect,perfects,perfected,perfecting,perfectings,,,,,,,,,,,,,
735,perhaps,,,,,,,,,,,,,,,,,
279,person,persons,,,,,,,,,,,,,,,,
710,pet,pets,petted,petting,pettings,,,,,,,,,,,,,
672,phone,phones,phoned,phoning,phonings,,,,,,,,,,,,,
175,photo,photos,,,,,,,,,,,,,,,,
481,pick,picks,picked,picking,pickings,,,,,,,,,,,,,
115,picture,pictures,pictured,picturing,picturings,,,,,,,,,,,,,
322,piece,pieces,pieced,piecing,piecings,,,,,,,,,,,,,
692,pig,pigs,pigged,pigging,piggings,,,,,,,,,,,,,
813,pizza,pizzas,,,,,,,,,,,,,,,,
138,place,places,placed,placing,placings,,,,,,,,,,,,,
416,plan,plans,planned,planning,plannings,,,,,,,,,,,,,
695,plane,planes,planed,planing,planings,,,,,,,,,,,,,
328,plant,plants,planted,planting,plantings,,,,,,,,,,,,,
64,play,plays,played,playing,playings,,,,,,,,,,,,,
830,player,players,,,,,,,,,,,,,,,,
199,please,pleases,pleased,pleasing,pleasings,,,,,,,,,,,,,
866,pocket,pockets,pocketed,pocketing,pocketings,,,,,,,,,,,,,
147,point,points,pointed,pointing,pointings,,,,,,,,,,,,,
501,police,polices,policed,policing,policings,,,,,,,,,,,,,
615,poor,poorer,poorest,,,,,,,,,,,,,,,
785,popular,populars,,,,,,,,,,,,,,,,
842,possible,possibles,,,,,,,,,,,,,,,,
592,potato,potatoes,potatos,,,,,,,,,,,,,,,
715,power,powers,powered,powering,powerings,,,,,,,,,,,,,
418,practice,practices,practiced,practicing,practise,practised,practises,practising,practisings,,,,,,,,,
787,prepare,prepares,prepared,preparing,preparings,,,,,,,,,,,,,
464,present,presents,presented,presenting,presentings,,,,,,,,,,,,,
604,pretend,pretends,pretended,pretending,pretendings,,,,,,,,,,,,,
648,pretty,pretties,prettyed,prettying,prettier,prettiest,,,,,,,,,,,,
835,probably,,,,,,,,,,,,,,,,,
361,problem,problems,,,,,,,,,,,,,,,,
771,program,programs,programed,programing,programme,programmes,programmed,programming,programmings,,,,,,,,,
823,promise,promises,promised,promising,promisings,,,,,,,,,,,,,
708,protect,protects,protected,protecting,protectings,,,,,,,,,,,,,
764,provide,provides,provided,providing,providings,,,,,,,,,,,,,
480,pull,pulls,pulled,pulling,pullings,,,,,,,,,,,,,
847,purple,purples,purpled,purpling,purplest,,,,,,,,,,,,,
690,push,pushes,pushed,pushing,pushings,,,,,,,,,,,,,
123,put,puts,putted,putting,puttings,,,,,,,,,,,,,
595,quack,quacks,quacked,quacking,quackings,,,,,,,,,,,,,
145,question,questions,questioned,questioning,questionings,,,,,,,,,,,,,
392,quickly,,,,,,,,,,,,,,,,,
677,quiet,quiets,quieted,quieting,quieter,quietest,,,,,,,,,,,,
857,quite,,,,,,,,,,,,,,,,,
513,race,races,raced,racing,racings,,,,,,,,,,,,,
367,rain,rains,rained,raining,rainings,,,,,,,,,,,,,
728,raise,raises,raised,raising,raisings,,,,,,,,,,,,,
590,reach,reaches,reached,reaching,reachings,,,,,,,,,,,,,
104,read,reads,readed,reading,readings,,,,,,,,,,,,,
257,ready,readies,readied,readyed,readying,readyings,readier,readiest,,,,,,,,,,
465,real,realer,,,,,,,,,,,,,,,,
836,realize,realizes,realized,realizing,realise,realises,realised,realising,realisings,,,,,,,,,
128,really,,,,,,,,,,,,,,,,,
791,reason,reasons,reasoned,reasoning,reasonings,,,,,,,,,,,,,
244,red,reds,redded,redding,redder,reddest,,,,,,,,,,,,
340,remember,remembers,remembered,remembering,rememberings,,,,,,,,,,,,,
305,repeat,repeats,repeated,repeating,repeatings,,,,,,,,,,,,,
666,reply,replies,replied,replying,replyed,,,,,,,,,,,,,
814,report,reports,reported,reporting,reportings,,,,,,,,,,,,,
562,rest,rests,rested,resting,restings,,,,,,,,,,,,,
685,restaurant,restaurants,,,,,,,,,,,,,,,,
619,return,returns,returned,returning,returnings,,,,,,,,,,,,,
778,review,reviews,reviewed,reviewing,reviewings,,,,,,,,,,,,,
709,rice,rices,,,,,,,,,,,,,,,,
678,rich,richer,richest,,,,,,,,,,,,,,,
327,ride,rides,rode,riding,ridden,rided,,,,,,,,,,,,
93,right,rights,righted,righting,righter,rightest,,,,,,,,,,,,
424,ring,rings,ringed,rang,ringing,rung,,,,,,,,,,,,
385,river,rivers,,,,,,,,,,,,,,,,
578,road,roads,roaded,roading,roadings,,,,,,,,,,,,,
818,robot,robots,,,,,,,,,,,,,,,,
352,rock,rocks,rocked,rocking,rockings,,,,,,,,,,,,,
602,roll,rolls,rolled,rolling,rollings,,,,,,,,,,,,,
157,room,rooms,roomed,rooming,roomings,,,,,,,,,,,,,
553,rope,ropes,roped,roping,ropings,,,,,,,,,,,,,
434,round,rounds,rounded,rounding,rounder,roundest,rounders,,,,,,,,,,,
794,row,rows,rowed,rowing,rowings,,,,,,,,,,,,,
134,run,runs,ran,running,runneth,runnin,,,,,,,,,,,,
338,sad,sadder,saddest,,,,,,,,,,,,,,,
607,safe,safer,safest,safes,,,,,,,,,,,,,,
228,same,,,,,,,,,,,,,,,,,
861,sand,sands,sanded,sanding,sandings,,,,,,,,,,,,,
871,sandwich,sandwiches,sandwiched,sandwiching,sandwichings,,,,,,,,,,,,,
826,Saturday,Saturdays,saturday,saturdays,,,,,,,,,,,,,,
467,save,saves,saved,saving,savings,,,,,,,,,,,,,
19,say,says,said,saying,sayed,sayin,sayings,,,,,,,,,,,
679,scare,scares,scared,scaring,scarings,scareder,scaredest,,,,,,,,,,,
136,school,schools,schooled,schooling,schoolings,,,,,,,,,,,,,
714,scientist,scientists,,,,,,,,,,,,,,,,
742,scissors,scissor,scissored,scissoring,scissorings,,,,,,,,,,,,,
804,scream,screams,screamed,screaming,screamings,,,,,,,,,,,,,
264,sea,seas,,,,,,,,,,,,,,,,
362,second,seconds,seconded,seconding,sec,,,,,,,,,,,,,
803,secret,secrets,,,,,,,,,,,,,,,,
33,see,sees,saw,seeing,seen,,,,,,,,,,,,,
437,seem,seems,seemed,seeming,seemings,,,,,,,,,,,,,
606,sell,sells,sold,selling,selled,,,,,,,,,,,,,
482,send,sends,sended,sending,sent,,,,,,,,,,,,,
235,sentence,sentences,sentenced,sentencing,sentencings,,,,,,,,,,,,,
859,servant,servants,,,,,,,,,,,,,,,,
477,set,sets,setted,setting,settings,,,,,,,,,,,,,
396,seven,sevens,seventh,sevenths,,,,,,,,,,,,,,
702,several,severals,,,,,,,,,,,,,,,,
401,shake,shakes,shook,shaking,shaken,shaked,,,,,,,,,,,,
716,shall,shan,,,,,,,,,,,,,,,,
502,shape,shapes,shaped,shaping,shapings,,,,,,,,,,,,,
412,share,shares,shared,sharing,sharings,,,,,,,,,,,,,
523,shark,sharks,sharked,sharking,sharkings,,,,,,,,,,,,,
18,she,,,,,,,,,,,,,,,,,
727,sheep,sheeps,,,,,,,,,,,,,,,,
399,ship,ships,shipped,shipping,shippings,,,,,,,,,,,,,
569,shirt,shirts,shirted,shirting,shirtings,,,,,,,,,,,,,
505,shoe,shoes,shoed,shod,shoeing,shoeings,,,,,,,,,,,,
499,shop,shops,shopped,shopping,shoppings,,,,,,,,,,,,,
462,short,shorts,shorted,shorting,shorter,shortest,,,,,,,,,,,,
186,should,shouldn,shoulda,,,,,,,,,,,,,,,
800,shoulder,shoulders,shouldered,shouldering,shoulderings,,,,,,,,,,,,,
324,shout,shouts,shouted,shouting,shoutings,,,,,,,,,,,,,
133,show,shows,showed,showing,shown,showings,,,,,,,,,,,,
664,sick,sicks,sicked,sicking,sicker,sickest,,,,,,,,,,,,
318,side,sides,sided,siding,sidings,,,,,,,,,,,,,
610,sign,signs,signed,signing,signings,,,,,,,,,,,,,
594,simple,simpler,simplest,,,,,,,,,,,,,,,
642,since,,,,,,,,,,,,,,,,,
105,sing,sings,sang,singing,sung,singin,,,,,,,,,,,,
729,sir,sirs,,,,,,,,,,,,,,,,
398,sister,sisters,,,,,,,,,,,,,,,,
196,sit,sits,sat,sitting,sittings,,,,,,,,,,,,,
291,six,sixes,sixth,sixthly,sixths,,,,,,,,,,,,,
815,size,sizes,sized,sizing,sizings,,,,,,,,,,,,,
865,skill,skills,skilled,,,,,,,,,,,,,,,
726,skin,skins,skinned,skinning,skinnings,,,,,,,,,,,,,
445,sky,skies,,,,,,,,,,,,,,,,
319,sleep,sleeps,slept,sleeping,sleepings,,,,,,,,,,,,,
584,slow,slows,slowed,slowing,slower,slowest,,,,,,,,,,,,
557,slowly,,,,,,,,,,,,,,,,,
141,small,smaller,smallest,smalls,,,,,,,,,,,,,,
644,smell,smells,smelled,smelling,smellings,,,,,,,,,,,,,
240,smile,smiles,smiled,smiling,smilin,,,,,,,,,,,,,
738,snack,snacks,snacked,snacking,snackings,,,,,,,,,,,,,
670,snake,snakes,snaked,snaking,snakings,,,,,,,,,,,,,
585,snow,snows,snowed,snowing,snowings,,,,,,,,,,,,,
43,so,,,,,,,,,,,,,,,,,
531,soccer,soccers,,,,,,,,,,,,,,,,
855,sock,socks,socked,socking,sockings,,,,,,,,,,,,,
760,soldier,soldiers,soldiered,soldiering,soldierings,,,,,,,,,,,,,
66,some,,,,,,,,,,,,,,,,,
282,someone,someones,,,,,,,,,,,,,,,,
112,something,somethin,somethings,,,,,,,,,,,,,,,
359,sometimes,,,,,,,,,,,,,,,,,
593,son,sons,soned,sonning,sonnings,,,,,,,,,,,,,
156,song,songs,,,,,,,,,,,,,,,,
254,soon,sooner,soonest,,,,,,,,,,,,,,,
372,sorry,sorrier,sorriest,,,,,,,,,,,,,,,
184,sound,sounds,sounded,sounding,soundings,,,,,,,,,,,,,
443,space,spaces,spaced,spacing,spacings,,,,,,,,,,,,,
212,speak,speaks,spoke,speaking,spoken,,,,,,,,,,,,,
348,special,specials,specialled,specialling,speciallings,,,,,,,,,,,,,
618,spend,spends,spended,spending,spent,spendings,,,,,,,,,,,,
514,sport,sports,sported,sporting,sportings,,,,,,,,,,,,,
810,square,squares,squared,squaring,squarer,squarest,,,,,,,,,,,,
851,squeak,squeaks,squeaked,squeaking,squeakings,,,,,,,,,,,,,
260,stand,stands,stood,standing,standed,standings,,,,,,,,,,,,
532,star,stars,starred,starring,starrings,,,,,,,,,,,,,
153,start,starts,started,starting,startings,,,,,,,,,,,,,
758,station,stations,stationed,stationing,stationings,,,,,,,,,,,,,
273,stay,stays,stayed,staying,stayings,,,,,,,,,,,,,
408,step,steps,stepped,stepping,steppings,,,,,,,,,,,,,
453,stick,sticks,stuck,sticking,sticked,,,,,,,,,,,,,
215,still,stills,stilled,stilling,stiller,stillest,,,,,,,,,,,,
441,stomp,stomps,stomped,stomping,stompings,,,,,,,,,,,,,
781,stone,stones,stoned,stoning,stonings,,,,,,,,,,,,,
174,stop,stops,stopped,stopping,stoppings,,,,,,,,,,,,,
611,store,stores,stored,storing,storings,,,,,,,,,,,,,
170,story,stories,storied,storey,storys,storeys,,,,,,,,,,,,
802,straight,straighter,straightest,straights,,,,,,,,,,,,,,
599,strange,strangest,,,,,,,,,,,,,,,,
364,street,streets,,,,,,,,,,,,,,,,
358,strong,stronger,strongest,,,,,,,,,,,,,,,
51,student,students,,,,,,,,,,,,,,,,
373,study,studies,studied,studying,studyings,,,,,,,,,,,,,
347,such,,,,,,,,,,,,,,,,,
591,suddenly,,,,,,,,,,,,,,,,,
683,summer,summers,summered,summering,summerings,,,,,,,,,,,,,
414,sun,suns,sunned,sunning,sunnings,,,,,,,,,,,,,
185,sure,surer,surest,,,,,,,,,,,,,,,
409,surprise,surprises,surprised,surprising,surprisings,,,,,,,,,,,,,
833,sweet,sweets,sweeter,sweetest,,,,,,,,,,,,,,
288,swim,swims,swam,swimming,swum,swimmed,,,,,,,,,,,,
834,swing,swings,swung,swinging,swingings,,,,,,,,,,,,,
874,swish,swishes,swished,swishing,swishings,,,,,,,,,,,,,
320,table,tables,tabled,tabling,tablings,,,,,,,,,,,,,
636,tail,tails,tailed,tailing,tailings,,,,,,,,,,,,,
58,take,takes,took,taking,taken,takings,,,,,,,,,,,,
142,talk,talks,talked,talking,talkin,,,,,,,,,,,,,
497,tall,taller,tallest,,,,,,,,,,,,,,,
435,teach,teaches,taught,teaching,teachings,,,,,,,,,,,,,
369,teacher,teachers,,,,,,,,,,,,,,,,
287,team,teams,teamed,teaming,teamings,,,,,,,,,,,,,
817,teddy,teddies,,,,,,,,,,,,,,,,
82,tell,tells,told,telling,tellin,telled,,,,,,,,,,,,
535,ten,tens,tenth,tenths,,,,,,,,,,,,,,
838,terrible,terribles,,,,,,,,,,,,,,,,
765,test,tests,tested,testing,testings,,,,,,,,,,,,,
627,text,texts,texted,texting,textings,,,,,,,,,,,,,
158,than,,,,,,,,,,,,,,,,,
271,thank,thanks,thanked,thanking,thankings,,,,,,,,,,,,,
16,that,,,,,,,,,,,,,,,,,
1,the,,,,,,,,,,,,,,,,,
39,then,,,,,,,,,,,,,,,,,
28,there,,,,,,,,,,,,,,,,,
13,they,theys,,,,,,,,,,,,,,,,
83,thing,things,,,,,,,,,,,,,,,,
47,think,thinks,thought,thinking,thinked,thoughts,,,,,,,,,,,,
22,this,,,,,,,,,,,,,,,,,
687,though,,,,,,,,,,,,,,,,,
698,thousand,thousands,,,,,,,,,,,,,,,,
95,three,threes,third,thirds,,,,,,,,,,,,,,
189,through,,,,,,,,,,,,,,,,,
540,throw,throws,threw,throwing,thrown,throwed,,,,,,,,,,,,
46,time,times,timed,timing,timings,,,,,,,,,,,,,
500,tire,tires,tired,tiring,tyre,tyres,tireder,tiredest,,,,,,,,,,
6,to,,,,,,,,,,,,,,,,,
236,today,todays,,,,,,,,,,,,,,,,
506,toe,toes,toed,toeing,toeings,,,,,,,,,,,,,
176,together,togethers,,,,,,,,,,,,,,,,
601,tomorrow,tomorrows,,,,,,,,,,,,,,,,
77,too,,,,,,,,,,,,,,,,,
613,tooth,teeth,toothed,tooths,,,,,,,,,,,,,,
368,top,tops,topped,topping,toppings,,,,,,,,,,,,,
646,touch,touches,touched,touching,touchings,,,,,,,,,,,,,
444,toward,towards,,,,,,,,,,,,,,,,
302,town,towns,,,,,,,,,,,,,,,,
391,toy,toys,toyed,toying,toyings,,,,,,,,,,,,,
317,train,trains,trained,training,trainings,,,,,,,,,,,,,
428,travel,travels,traveled,traveling,travelled,travelling,travellin,,,,,,,,,,,
575,treat,treats,treated,treating,treatings,,,,,,,,,,,,,
164,tree,trees,,,,,,,,,,,,,,,,
625,trick,tricks,tricked,tricking,trickings,,,,,,,,,,,,,
635,trip,trips,tripped,tripping,trippings,,,,,,,,,,,,,
832,trouble,troubles,troubled,troubling,troublings,,,,,,,,,,,,,
667,truck,trucks,trucked,trucking,truckings,,,,,,,,,,,,,
423,TRUE,trues,trued,truing,truer,truest,,,,,,,,,,,,
124,try,tries,tried,trying,tryed,,,,,,,,,,,,,
154,turn,turns,turned,turning,turnings,,,,,,,,,,,,,
850,twenty,twenties,twentieth,twentieths,,,,,,,,,,,,,,
63,two,twos,,,,,,,,,,,,,,,,
743,type,types,typed,typing,typings,,,,,,,,,,,,,
650,uncle,uncles,Uncle,Uncles,,,,,,,,,,,,,,
303,under,,,,,,,,,,,,,,,,,
297,understand,understands,understood,understanding,understandings,,,,,,,,,,,,,
860,unit,units,,,,,,,,,,,,,,,,
388,until,til,,,,,,,,,,,,,,,,
41,up,ups,upped,upping,uppings,,,,,,,,,,,,,
301,upbeat,upbeats,,,,,,,,,,,,,,,,
70,use,uses,used,using,usings,,,,,,,,,,,,,
451,usually,,,,,,,,,,,,,,,,,
720,vegetable,vegetables,,,,,,,,,,,,,,,,
52,very,,,,,,,,,,,,,,,,,
329,video,videos,videoed,videoing,videoings,,,,,,,,,,,,,
643,village,villages,,,,,,,,,,,,,,,,
310,visit,visits,visited,visiting,visitings,,,,,,,,,,,,,
496,voice,voices,voiced,voicing,voicings,,,,,,,,,,,,,
761,vroom,vrooms,vroomed,vrooming,vroomings,,,,,,,,,,,,,
190,wait,waits,waited,waiting,waitings,,,,,,,,,,,,,
654,wake,wakes,woke,waking,woken,wakeing,waked,,,,,,,,,,,
131,walk,walks,walked,walking,walkings,,,,,,,,,,,,,
476,wall,walls,walled,walling,wallings,,,,,,,,,,,,,
48,want,wants,wanted,wanting,wantin,wanna,,,,,,,,,,,,
365,warm,warms,warmed,warming,warmer,warmest,warmers,,,,,,,,,,,
568,wash,washes,washed,washing,washings,,,,,,,,,,,,,
183,watch,watches,watched,watching,watchings,,,,,,,,,,,,,
139,water,waters,watered,watering,waterings,,,,,,,,,,,,,
577,wave,waves,waved,waving,wavings,,,,,,,,,,,,,
106,way,ways,,,,,,,,,,,,,,,,
17,we,,,,,,,,,,,,,,,,,
242,wear,wears,wore,wearing,worn,,,,,,,,,,,,,
529,weather,weathers,weathered,weathering,weatherings,,,,,,,,,,,,,
378,week,weeks,,,,,,,,,,,,,,,,
853,weekend,weekends,weekended,weekending,weekendings,,,,,,,,,,,,,
662,welcome,welcomes,welcomed,welcoming,welcomings,,,,,,,,,,,,,
169,well,wells,welled,welling,wellings,,,,,,,,,,,,,
870,whale,whales,whaling,whalings,,,,,,,,,,,,,,
23,what,whats,,,,,,,,,,,,,,,,
697,wheel,wheels,wheeled,wheeling,wheelings,,,,,,,,,,,,,
50,when,,,,,,,,,,,,,,,,,
78,where,,,,,,,,,,,,,,,,,
166,which,,,,,,,,,,,,,,,,,
283,while,whiles,whiled,whiling,,,,,,,,,,,,,,
336,white,whiter,whitest,whites,,,,,,,,,,,,,,
68,who,,,,,,,,,,,,,,,,,
415,whoa,,,,,,,,,,,,,,,,,
552,whole,wholes,,,,,,,,,,,,,,,,
111,why,,,,,,,,,,,,,,,,,
655,wife,wives,wifes,,,,,,,,,,,,,,,
840,wild,wilder,wildest,wilds,,,,,,,,,,,,,,
30,will,wills,willed,willing,won,ll,,,,,,,,,,,,
630,win,wins,winning,winned,winnings,,,,,,,,,,,,,
542,wind,winds,winded,winding,windings,,,,,,,,,,,,,
466,window,windows,windowed,windowing,windowings,,,,,,,,,,,,,
780,wing,wings,winged,winging,wingings,,,,,,,,,,,,,
821,winter,winters,wintered,wintering,winterings,,,,,,,,,,,,,
524,wish,wishes,wished,wishing,wishings,,,,,,,,,,,,,
752,witch,witches,witched,witching,witchings,,,,,,,,,,,,,
25,with,,,,,,,,,,,,,,,,,
371,without,,,,,,,,,,,,,,,,,
255,woman,women,womans,womens,,,,,,,,,,,,,,
563,wonder,wonders,wondered,wondering,wonderings,,,,,,,,,,,,,
609,wonderful,,,,,,,,,,,,,,,,,
827,wood,woods,wooded,,,,,,,,,,,,,,,
67,word,words,worded,wording,wordings,,,,,,,,,,,,,
97,work,works,worked,working,workings,,,,,,,,,,,,,
152,world,worlds,,,,,,,,,,,,,,,,
345,worry,worries,worried,worrying,worryings,,,,,,,,,,,,,
94,would,wouldn,,,,,,,,,,,,,,,,
126,write,writes,wrote,writing,written,writings,,,,,,,,,,,,
459,wrong,wrongs,wronged,wronging,wronger,wrongest,,,,,,,,,,,,
203,yeah,yeh,,,,,,,,,,,,,,,,
125,year,years,,,,,,,,,,,,,,,,
422,yellow,yellows,yellowed,yellowing,yellower,yellowest,,,,,,,,,,,,
767,yep,yup,,,,,,,,,,,,,,,,
222,yes,yeses,,,,,,,,,,,,,,,,
848,yesterday,yesterdays,,,,,,,,,,,,,,,,
558,yet,,,,,,,,,,,,,,,,,
7,you,y,ye,,,,,,,,,,,,,,,
237,young,younger,youngest,,,,,,,,,,,,,,,
556,yourself,yourselves,yerself,yerselves,,,,,,,,,,,,,,
737,yum,,,,,,,,,,,,,,,,,
749,zoo,zoos,,,,,,,,,,,,,,,,